event_year,event_month,date_event_began,area_affected,nerc_region,demand_loss_(mw),number_of_customers_affected,event_start,event_month_num,event_day_name
2023,January,01/01/2023,California: Riverside County;,WECC,0.0,0.0,2023-01-01,1,Sunday
2023,January,01/01/2023,California: Sacramento County;,WECC,0.0,0.0,2023-01-01,1,Sunday
2023,January,01/01/2023,Florida: Citrus County;,SERC,19.0,3509.0,2023-01-01,1,Sunday
2023,January,01/02/2023,Texas: Dallas County;,TRE,0.0,0.0,2023-01-02,1,Monday
2023,January,01/02/2023,New Mexico:,WECC,432.0,0.0,2023-01-02,1,Monday
2023,January,01/02/2023,Arkansas: Union County; Louisiana: Ouachita Parish;,SERC,20.0,6849.0,2023-01-02,1,Monday
2023,January,01/03/2023,Michigan: Ingham County;,RF,0.0,0.0,2023-01-03,1,Tuesday
2023,January,01/05/2023,Louisiana: Concordia Parish;,SERC,23.0,1631.0,2023-01-05,1,Thursday
2023,January,01/05/2023,Washington: Lewis County;,WECC,0.0,0.0,2023-01-05,1,Thursday
2023,January,01/06/2023,Ohio: Sandusky County;,RF,0.0,0.0,2023-01-06,1,Friday
2023,January,01/07/2023,California: Sacramento County;,WECC,458.0,185434.0,2023-01-07,1,Saturday
2023,January,01/07/2023,"Texas: Jasper County, Tyler County;",TRE,20.0,9823.0,2023-01-07,1,Saturday
2023,January,01/08/2023,Texas: Bowie County;,TRE,0.0,0.0,2023-01-08,1,Sunday
2023,January,01/12/2023,California: Sacramento County;,WECC,0.0,0.0,2023-01-12,1,Thursday
2023,January,01/12/2023,Alabama: Georgia:,SERC,1158.0,162000.0,2023-01-12,1,Thursday
2023,January,01/12/2023,Washington: King County;,WECC,0.0,0.0,2023-01-12,1,Thursday
2023,January,01/13/2023,Texas: Fayette County;,TRE,0.0,0.0,2023-01-13,1,Friday
2023,January,01/19/2023,South Carolina: Sumter County;,SERC,0.0,0.0,2023-01-19,1,Thursday
2023,January,01/20/2023,Michigan: Oakland County;,RF,0.0,0.0,2023-01-20,1,Friday
2023,January,01/23/2023,Connecticut: Rhode Island: Massachusetts: Vermont: New Hampshire: Maine:,NPCC,0.0,41000.0,2023-01-23,1,Monday
2023,January,01/23/2023,California: Sacramento County;,WECC,0.0,0.0,2023-01-23,1,Monday
2023,January,01/23/2023,California: Sacramento County;,WECC,0.0,0.0,2023-01-23,1,Monday
2023,January,01/24/2023,Louisiana:,SERC,0.0,0.0,2023-01-24,1,Tuesday
2023,January,01/24/2023,New York: Queens County;,NPCC,0.0,0.0,2023-01-24,1,Tuesday
2023,January,01/24/2023,Texas: Harris County;,TRE,0.0,100731.0,2023-01-24,1,Tuesday
2023,January,01/25/2023,Washington: Kitsap County;,WECC,0.0,0.0,2023-01-25,1,Wednesday
2023,January,01/25/2023,Texas: Cameron County;,TRE,0.0,0.0,2023-01-25,1,Wednesday
2023,January,01/25/2023,Arkansas: Texas: Louisiana: Mississippi:,SERC,0.0,60958.0,2023-01-25,1,Wednesday
2023,January,01/26/2023,Washington: King County;,WECC,0.0,0.0,2023-01-26,1,Thursday
2023,January,01/28/2023,Illinois: Franklin County;,SERC/RF,0.0,0.0,2023-01-28,1,Saturday
2023,January,01/29/2023,Kentucky:,SERC,0.0,0.0,2023-01-29,1,Sunday
2023,January,01/30/2023,Minnesota:,MRO,0.0,0.0,2023-01-30,1,Monday
2023,January,01/31/2023,"Texas: Dallas County, Anderson County, Bosque County, Collin County, Comanche County, Cooke County, Delta County, Denton County, Ellis County, Erath County, Fannin County, Freestone County, Hamilton County, Henderson County, Hill County, Hood County, Hopkins County, Hunt County, Jack County, Johnson County, Kaufman County, Lamar County, Navarro County, Palo Pinto County, Parker County, Rains County, Red River County, Rockwall County, Somervell County, Tarrant County, Van Zandt County, Wichita County, Wise County;",TRE,0.0,360000.0,2023-01-31,1,Tuesday
2023,February,02/01/2023,Texas: Travis County;,TRE,370.0,173879.0,2023-02-01,2,Wednesday
2023,February,02/02/2023,Colorado:,WECC,0.0,0.0,2023-02-02,2,Thursday
2023,February,02/02/2023,Pennsylvania: Westmoreland County;,RF,0.0,0.0,2023-02-02,2,Thursday
2023,February,02/02/2023,Arkansas: Mississippi: Texas:,SERC,0.0,74426.0,2023-02-02,2,Thursday
2023,February,02/02/2023,Maryland: Cecil County;,RF,0.0,0.0,2023-02-02,2,Thursday
2023,February,02/03/2023,Oregon: Washington: Yakima County; Idaho: Utah: Wyoming:,WECC,0.0,0.0,2023-02-03,2,Friday
2023,February,02/04/2023,Ohio: Gallia County;,RF,2000.0,0.0,2023-02-04,2,Saturday
2023,February,02/06/2023,Florida: Hillsborough County;,SERC,0.0,0.0,2023-02-06,2,Monday
2023,February,02/06/2023,Maryland:,RF,0.0,0.0,2023-02-06,2,Monday
2023,February,02/07/2023,Wisconsin: La Crosse County;,MRO,0.0,0.0,2023-02-07,2,Tuesday
2023,February,02/07/2023,Illinois: DuPage County;,SERC,0.0,0.0,2023-02-07,2,Tuesday
2023,February,02/07/2023,New York: Queens County;,NPCC,0.0,0.0,2023-02-07,2,Tuesday
2023,February,02/08/2023,Pennsylvania: Lawrence County;,RF,0.0,0.0,2023-02-08,2,Wednesday
2023,February,02/11/2023,Texas: Taylor County;,TRE,0.0,0.0,2023-02-11,2,Saturday
2023,February,02/13/2023,California: San Diego County;,WECC,0.0,0.0,2023-02-13,2,Monday
2023,February,02/13/2023,Wisconsin: Chippewa County;,MRO,0.0,0.0,2023-02-13,2,Monday
2023,February,02/15/2023,Florida: Clay County;,SERC,0.0,0.0,2023-02-15,2,Wednesday
2023,February,02/18/2023,Oklahoma: Kay County;,MRO,0.0,0.0,2023-02-18,2,Saturday
2023,February,02/19/2023,California: Riverside County;,WECC,0.0,0.0,2023-02-19,2,Sunday
2023,February,02/21/2023,Texas: Cameron County;,TRE,0.0,0.0,2023-02-21,2,Tuesday
2023,February,02/21/2023,Florida: Hillsborough County;,SERC,0.0,0.0,2023-02-21,2,Tuesday
2023,February,02/21/2023,Florida: Orange County;,SERC,0.0,2547.0,2023-02-21,2,Tuesday
2023,February,02/22/2023,"Michigan: Van Buren County, Kalamazoo County, St. Joseph County, Calhoun County, Branch County, Hillsdale County, Jackson County, Washtenaw County, Monroe County, Lenawee County, Ingham County, Barry County, Allegan County, Ottawa County, Eaton County, Ingham County, Shiawassee County, Clinton County;",RF,0.0,261043.0,2023-02-22,2,Wednesday
2023,February,02/22/2023,Michigan:,RF,6200.0,623358.0,2023-02-22,2,Wednesday
2023,February,02/22/2023,South Dakota:,MRO,0.0,0.0,2023-02-22,2,Wednesday
2023,February,02/23/2023,"Wisconsin: Kenosha County, Racine County, Milwaukee County, Walworth County, Jefferson County, Waukesha County; Michigan:",MRO,143.0,57000.0,2023-02-23,2,Thursday
2023,February,02/23/2023,Colorado: Larimer County;,WECC,0.0,0.0,2023-02-23,2,Thursday
2023,February,02/24/2023,Florida: Pasco County;,SERC,0.0,0.0,2023-02-24,2,Friday
2023,February,02/25/2023,California: Los Angeles County;,WECC,0.0,153555.0,2023-02-25,2,Saturday
2023,February,02/26/2023,North Carolina:,SERC,0.0,0.0,2023-02-26,2,Sunday
2023,February,02/27/2023,"Michigan: Newaygo County, Oceana County, Ionia County, Montcalm County, Jackson County, Van Buren County, Washtenaw County, Hillsdale County, Lenawee County;",RF,0.0,76000.0,2023-02-27,2,Monday
2023,February,02/28/2023,Wisconsin: Outagamie County;,MRO,14.0,0.0,2023-02-28,2,Tuesday
2023,March,03/01/2023,Indiana: Hamilton County;,MRO,0.0,0.0,2023-03-01,3,Wednesday
2023,March,03/02/2023,"Texas: Montague County, Cooke County, Grayson County, Fannin County, Lamar County, Young County, Jack County, Wise County, Denton County, Collin County, Hunt County, Delta County, Hopkins County, Stephens County, Palo Pinto County, Parker County, Tarrant County, Dallas County, Rockwall County, Kaufman County, Van Zandt County, Rains County, Eastland County, Erath County, Hood County, Somervell County, Johnson County, Ellis County, Henderson County, Comanche County, Mills County, Hamilton County, Bosque County, Hill County, Navarro County, Freestone County, Anderson County, Lampasas County, Coryell County, Bell County, McLennan County, Falls County, Limestone County, Leon County, Milam County, Robertson County;",TRE,0.0,470000.0,2023-03-02,3,Thursday
2023,March,03/03/2023,Illinois: Cook County;,SERC/RF,0.0,0.0,2023-03-03,3,Friday
2023,March,03/03/2023,Mississippi:,SERC,38.0,12014.0,2023-03-03,3,Friday
2023,March,03/03/2023,Texas: Tarrant County;,TRE,0.0,0.0,2023-03-03,3,Friday
2023,March,03/03/2023,"Kentucky: Oldham County, Jefferson County, Fayette County, Franklin County, Hardin County, Hart County, Hopkins County, Jessamine County, Muhlenberg County, Nelson County, Scott County, Shelby County, Spencer County, Washington County, Woodford County, Bullitt County, Meade County, Lyon County, LaRue County, Henry County, Grayson County, Boyle County, Christian County, Anderson County; Virginia: Wise County;",SERC,0.0,346000.0,2023-03-03,3,Friday
2023,March,03/03/2023,Ohio: Kentucky:,RF,0.0,57186.0,2023-03-03,3,Friday
2023,March,03/03/2023,Tennessee: Davidson County;,SERC,0.0,115000.0,2023-03-03,3,Friday
2023,March,03/03/2023,Michigan:,RF,0.0,200000.0,2023-03-03,3,Friday
2023,March,03/03/2023,Alabama: Georgia: Mississippi:,SERC,346.0,48384.0,2023-03-03,3,Friday
2023,March,03/03/2023,"Kentucky: Oldham County, Jefferson County, Fayette County, Franklin County, Hardin County, Hart County, Hopkins County, Jessamine County, Muhlenberg County, Nelson County, Scott County, Shelby County, Spencer County, Washington County, Woodford County, Bullitt County, Meade County, Lyon County, LaRue County, Henry County, Grayson County, Boyle County, Christian County, Anderson County; Virginia: Williamsburg, City of[23], Wise County;",SERC,0.0,0.0,2023-03-03,3,Friday
2023,March,03/04/2023,Louisiana:,SERC,965.0,33.0,2023-03-04,3,Saturday
2023,March,03/04/2023,Louisiana:,SERC,800.0,0.0,2023-03-04,3,Saturday
2023,March,03/05/2023,Georgia: Fulton County;,SERC,0.0,0.0,2023-03-05,3,Sunday
2023,March,03/05/2023,"West Virginia: Randolph County, Barbour County;",RF,0.0,0.0,2023-03-05,3,Sunday
2023,March,03/06/2023,Virginia: Orange County;,SERC,1.0,0.0,2023-03-06,3,Monday
2023,March,03/07/2023,Texas: Lubbock County; New Mexico:,TRE,0.0,0.0,2023-03-07,3,Tuesday
2023,March,03/07/2023,Texas: Lubbock County;,TRE,0.0,0.0,2023-03-07,3,Tuesday
2023,March,03/08/2023,Texas: Bee County;,TRE,0.0,0.0,2023-03-08,3,Wednesday
2023,March,03/08/2023,Indiana: Hendricks County;,RF,0.0,0.0,2023-03-08,3,Wednesday
2023,March,03/09/2023,"Wisconsin: Walworth County, Waukesha County, Milwaukee County, Racine County, Ozaukee County, Kenosha County;",MRO/RF,250.0,100000.0,2023-03-09,3,Thursday
2023,March,03/10/2023,"Texas: Webb County, Hidalgo County;",TRE,0.0,0.0,2023-03-10,3,Friday
2023,March,03/10/2023,Idaho: Ada County;,WECC,0.0,0.0,2023-03-10,3,Friday
2023,March,03/14/2023,Connecticut: Massachusetts: Vermont: Rhode Island: New Hampshire: Maine:,NPCC,0.0,83000.0,2023-03-14,3,Tuesday
2023,March,03/14/2023,New York:,NPCC,0.0,0.0,2023-03-14,3,Tuesday
2023,March,03/16/2023,Texas: Lubbock County;,TRE,0.0,0.0,2023-03-16,3,Thursday
2023,March,03/22/2023,Pennsylvania: Greene County;,RF,621.0,0.0,2023-03-22,3,Wednesday
2023,March,03/23/2023,Washington: King County;,WECC,0.0,0.0,2023-03-23,3,Thursday
2023,March,03/23/2023,Texas: Tarrant County;,TRE,0.0,0.0,2023-03-23,3,Thursday
2023,March,03/23/2023,Nevada: Clark County;,WECC,24.0,11479.0,2023-03-23,3,Thursday
2023,March,03/25/2023,Michigan:,RF,5800.0,67893.0,2023-03-25,3,Saturday
2023,March,03/25/2023,Ohio: West Virginia: Virginia:,RF,0.0,160801.0,2023-03-25,3,Saturday
2023,March,03/26/2023,Washington: Oregon: Josephine County; California: Idaho: Utah: Wyoming: Montana:,WECC ,34.0,0.0,2023-03-26,3,Sunday
2023,March,3/28/2023,Texas: Cameron County;,TRE,0.0,0.0,2023-03-28,3,Tuesday
2023,March,03/28/2023,Texas: Montgomery County;,TRE,0.0,0.0,2023-03-28,3,Tuesday
2023,March,03/28/2023,Texas: Hartley County;,TRE,0.0,0.0,2023-03-28,3,Tuesday
2023,March,03/29/2023,Nebraska: Kearney County;,MRO,0.0,0.0,2023-03-29,3,Wednesday
2023,March,03/29/2023,Wisconsin: Michigan:,MRO / RF,0.0,0.0,2023-03-29,3,Wednesday
2023,March,03/30/2023,Washington: Kitsap County;,WECC,0.0,0.0,2023-03-30,3,Thursday
2023,March,03/30/2023,Colorado: Larimer County;,WECC,18.0,0.0,2023-03-30,3,Thursday
2023,March,03/30/2023,Kentucky:,SERC,0.0,0.0,2023-03-30,3,Thursday
2023,March,03/30/2023,Colorado: Larimer County;,WECC,0.0,0.0,2023-03-30,3,Thursday
2023,March,03/30/2023,Pennsylvania: Indiana County;,RF,1711.0,0.0,2023-03-30,3,Thursday
2023,March,03/31/2023,Arkansas:,SERC,0.0,58368.0,2023-03-31,3,Friday
2023,March,03/31/2023,"Minnesota: Ramsey County, Hennepin County, Dakota County, Washington County;",MRO,0.0,80000.0,2023-03-31,3,Friday
2023,March,03/31/2023,Illinois:,SERC / RF,0.0,65000.0,2023-03-31,3,Friday
2023,April,04/01/2023,Ohio: West Virginia: Virginia:,RF/SERC,0.0,118000.0,2023-04-01,4,Saturday
2023,April,04/03/2023,Alabama: Walker County;,SERC,0.0,0.0,2023-04-03,4,Monday
2023,April,04/03/2023,Colorado: Wyoming: Nebraska: Arizona: New Mexico: Utah: California:,WECC/MRO,0.0,0.0,2023-04-03,4,Monday
2023,April,04/08/2023,Texas: Cameron County;,TRE,0.0,0.0,2023-04-08,4,Saturday
2023,April,04/11/2023,Ohio: Kentucky:,RF,0.0,0.0,2023-04-11,4,Tuesday
2023,April,04/14/2023,Florida: Orange County;,SERC,0.0,0.0,2023-04-14,4,Friday
2023,April,04/15/2023,Texas: Kentucky: New Mexico: Washington: Oregon: Arizona: California: Nebraska: Pennsylvania: Ohio:,TRE,0.0,0.0,2023-04-15,4,Saturday
2023,April,04/16/2023,Texas: Louisiana: Arkansas: Mississippi:,TRE,0.0,3900.0,2023-04-16,4,Sunday
2023,April,04/17/2023,Florida: Alachua County;,SERC,0.0,0.0,2023-04-17,4,Monday
2023,April,04/17/2023,South Carolina: Aiken County;,SERC,39.0,8.0,2023-04-17,4,Monday
2023,April,04/18/2023,Texas: Travis County;,TRE,0.0,0.0,2023-04-18,4,Tuesday
2023,April,04/18/2023,Washington: King County;,WECC,0.0,0.0,2023-04-18,4,Tuesday
2023,April,04/18/2023,South Dakota: Stanley County;,MRO,4.0,1.0,2023-04-18,4,Tuesday
2023,April,04/19/2023,Washington: Snohomish County;,WECC,0.0,0.0,2023-04-19,4,Wednesday
2023,April,04/19/2023,Texas: Calhoun County;,TRE,0.0,0.0,2023-04-19,4,Wednesday
2023,April,04/21/2023,California:,WECC,0.0,0.0,2023-04-21,4,Friday
2023,April,04/23/2023,Washington: Mason County;,WECC,25.0,0.0,2023-04-23,4,Sunday
2023,April,04/25/2023,Arizona: Maricopa County;,WECC,0.0,0.0,2023-04-25,4,Tuesday
2023,April,04/26/2023,Idaho: Bonner County;,WECC,0.0,0.0,2023-04-26,4,Wednesday
2023,April,04/27/2023,Texas: Blanco County;,TRE,0.0,0.0,2023-04-27,4,Thursday
2023,April,04/27/2023,California: Stanislaus County;,WECC,0.0,0.0,2023-04-27,4,Thursday
2023,April,04/29/2023,"Texas: Hidalgo County, Cameron County, Willacy County, Starr County;",TRE,0.0,168419.0,2023-04-29,4,Saturday
2023,May,5/1/2023,Connecticut: Massachusetts: Rhode Island: Maine: New Hampshire: Vermont:,NPCC,0.0,54000.0,2023-05-01,5,Monday
2023,May,5/2/2023,Texas:,TRE,0.0,0.0,2023-05-02,5,Tuesday
2023,May,5/2/2023,Ohio: Kentucky:,RF/SERC,0.0,0.0,2023-05-02,5,Tuesday
2023,May,5/4/2023,Texas: San Patricio County;,TRE,0.0,0.0,2023-05-04,5,Thursday
2023,May,5/11/2023,Michigan: Eaton County;,RF ,0.0,378.0,2023-05-11,5,Thursday
2023,May,5/11/2023,Texas: Tarrant County;,TRE,0.0,0.0,2023-05-11,5,Thursday
2023,May,5/12/2023,Kentucky: Jefferson County;,SERC,0.0,0.0,2023-05-12,5,Friday
2023,May,5/12/2023,New York: Broome County;,NPCC,0.0,0.0,2023-05-12,5,Friday
2023,May,5/13/2023,North Dakota: Williams County;,MRO,8.0,327.0,2023-05-13,5,Saturday
2023,May,5/13/2023,North Dakota: Williams County;,MRO,64.0,2.0,2023-05-13,5,Saturday
2023,May,5/13/2023,North Dakota: Williams County;,MRO,166.0,327.0,2023-05-13,5,Saturday
2023,May,5/16/2023,Oregon: Multnomah County;,WECC,0.0,0.0,2023-05-16,5,Tuesday
2023,May,5/21/2023,Washington: Whatcom County;,WECC,0.0,0.0,2023-05-21,5,Sunday
2023,May,5/22/2023,Florida: Putnam County;,SERC,0.0,0.0,2023-05-22,5,Monday
2023,May,5/23/2023,North Dakota:,MRO,0.0,0.0,2023-05-23,5,Tuesday
2023,May,5/24/2023,North Dakota:,MRO,0.0,0.0,2023-05-24,5,Wednesday
2023,May,5/24/2023,Iowa: Minnesota:,MRO,2200.0,0.0,2023-05-24,5,Wednesday
2023,May,5/26/2023,Georgia: Gwinnett County;,SERC,0.0,0.0,2023-05-26,5,Friday
2023,May,5/28/2023,Alabama: Tuscaloosa County;,SERC,0.0,0.0,2023-05-28,5,Sunday
2023,May,5/30/2023,Massachusetts: Hampden County[13];,NPCC,0.0,0.0,2023-05-30,5,Tuesday
2023,May,5/31/2023,Florida: Alachua County;,SERC,0.0,0.0,2023-05-31,5,Wednesday
2023,June,6/25/2023,Tennessee,SERC,0.0,120000.0,2023-06-25,6,Sunday
2023,June,6/24/2023,Michigan,RF,5.0,5200.0,2023-06-24,6,Saturday
2023,June,6/25/2023,"Georgia, Alabama",SERC,0.0,0.0,2023-06-25,6,Sunday
2023,June,6/25/2023,"Wisconsin, Michigan",MRO/RF,175.0,70000.0,2023-06-25,6,Sunday
2023,June,6/25/2023,Michigan,RF,0.0,0.0,2023-06-25,6,Sunday
2023,June,6/27/2023,California,WECC,0.0,0.0,2023-06-27,6,Tuesday
2023,June,6/25/2023,"Arkansas, Mississippi",SERC,0.0,64732.0,2023-06-25,6,Sunday
2023,June,6/27/2023,"Washington, Idaho, Montana",WECC,0.0,0.0,2023-06-27,6,Tuesday
2023,June,6/29/2023,Indiana,RF,0.0,140000.0,2023-06-29,6,Thursday
2023,June,6/28/2023,Georgia,SERC,0.0,0.0,2023-06-28,6,Wednesday
2023,June,6/22/2023,Louisiana,SERC,17.0,6242.0,2023-06-22,6,Thursday
2023,June,6/20/2023,Louisiana,SERC,0.0,0.0,2023-06-20,6,Tuesday
2023,June,6/30/2023,Connecticut,NPCC,0.0,0.0,2023-06-30,6,Friday
